Node,X,Y
0,0.62092066,0.18781522
1,0.04184388,0.45832825
2,0.43854922,0.27780047
3,0.36165473,0.47911283
4,0.25057828,0.85710317
5,0.91583216,0.074989095
6,0.06656932,0.8664994
7,0.23383307,0.6654289
8,0.28819168,0.42050767
9,0.30677727,0.57420975


